{
  "K_hat": [
    [
      3.3713587209473896,
      -2.1082554942074725,
      -0.9515058906716547
    ],
    [
      -1.2825418843250447,
      2.2647021144917647,
      -0.04664968741236229
    ],
    [
      -2.0888168365754503,
      -0.15644662032685266,
      0.9981555780748004
    ]
  ],
  "b_hat": [
    3.644753830156185,
    -1.3174069977605682,
    -2.3273468323464894
  ],
  "ridge_lambda": 0.001,
  "notes": "Fitted from x_dot \u2248 -K x + b u with central-diff derivative; 3-quotient cycle."
}