{
  "K_hat": [
    [
      3.3805596248437944,
      -2.1252131783038712,
      -0.9509659792213417
    ],
    [
      -1.2859867293192442,
      2.2710468842204516,
      -0.0468483837058743
    ],
    [
      -2.0945728954774085,
      -0.14583370595959383,
      0.9978143629180135
    ]
  ],
  "b_hat": [
    3.6542055923383847,
    -1.3209534939233079,
    -2.333252098365693
  ],
  "ridge_lambda": 0.001,
  "notes": "Fitted from x_dot \u2248 -K x + b u with central-diff derivative; 3-quotient cycle."
}